,SVM baseline,SVM + 1,SVM + 2,SVM + 3,SVM + 4,SVM + 5,SVM + 6,SVM + 43,SVM + 42,SVM + 41,SVM + 40,SVM + 39,SVM + 38,SVM + 37,SVM + 36,SVM + 35,SVM + 34,SVM + 33,SVM + 32,SVM + 31,SVM best
train score,0.7042801556420234,0.8871595330739299,0.8404669260700389,0.8210116731517509,0.8326848249027238,0.8326848249027238,0.8326848249027238,0.8482490272373541,0.8482490272373541,0.8443579766536965,0.8443579766536965,0.8443579766536965,0.8443579766536965,0.8443579766536965,0.8404669260700389,0.8365758754863813,0.8365758754863813,0.8365758754863813,0.8365758754863813,0.8404669260700389,1.0
validation score,0.71875,0.75,0.65625,0.6875,0.6875,0.6875,0.6875,0.75,0.75,0.75,0.75,0.75,0.75,0.75,0.75,0.71875,0.71875,0.71875,0.71875,0.75,0.78125
test score,,,,,,,,,,,,,,,,,,,,,0.78125
